id,benutzername,passwort,email
101,richbitch,123456,rich@bitch.cum
101,golden_son,123456,golden@son.tv
101,i_have_to_much_money,123456,to@much.money
101,jeff_bezos,123456,jeff@bezos.amazon
101,donald_trump,123456,donald@trump.presidnet
101,donald_trump_jr,123456,donald.jr@trump.presidnet
100,booster,123456,booster@e.nergy
1,helene_fischer,p@ssw0rd,helene@example.com
2,andreas_gabalier,pass123,andreas@example.com
3,beatrice_egli,geheim321,beatrice@example.com
4,roland_kaiser,qwerty,roland@example.com
5,semino_rossi,abcd1234,semino@example.com
6,michelle,meingeheimpass,michelle@example.com
7,voxxclub,passwort!23,voxxclub@example.com
8,andrea_berg,lassmichrein,andrea@example.com
9,wolfgang_petry,1qazxsw2,wolfgang@example.com
10,florian_silbereisen,passwort123,florian@example.com
11,vanessa_mai,ilovevanessa,vanessa@example.com
12,howard_carpendale,musicman,howard@example.com
13,sarah_connor,sarah123,sarah@example.com
14,matthias_reim,immerweiter,matthias@example.com
15,hansi_hinterseer,hansi456,hansi@example.com
16,anna-maria_zimmermann,hey_anna,anna-maria@example.com
17,ben_zucker,benzucker2023,ben@example.com
18,anja_schneider,anja1987,anja@example.com
19,klubbb3,klubbb3fan,klubbb3@example.com
20,sem_schilt,heavyweight,sem@example.com
21,laura_wilde,wilde123,laura@example.com
22,patrick_lindner,servus123,patrick@example.com
23,stefan_mross,mrossi12,stefan@example.com
24,giovanni_zarrella,soleil,giovanni@example.com
25,mary_roos,marymary,mary@example.com
26,gaby_albrecht,gaby56,gaby@example.com
27,peter_wackel,peterparty,peter@example.com
28,heino,heinomusik,heino@example.com
29,marianne_rosenberg,marianne67,marianne@example.com
30,roland_wolf,roliwolf,roland2@example.com
31,annemarie_eilfeld,anne123,annemarie@example.com
32,christian_lais,chrislais,christian@example.com
33,schlagerpiloten,schlagerteam,schlagerpiloten@example.com
34,olaf_malolepski,olaf123,olaf@example.com
35,nik_p,nikmusic,nik@example.com
36,linda_hesse,linda99,linda@example.com
37,frank_zander,zanderrockt,frank@example.com
38,alexander_rier,alri123,alexander@example.com
39,stefanie_hertel,steffi456,stefanie@example.com
40,francine_jordi,francine87,francine@example.com
41,marc_terenzi,terenzi777,marc@example.com
42,nikolas_schnell,schnell1,nikolas@example.com
43,rosanna_rocci,rosanna22,rosanna@example.com
44,patrick_lindner2,schönesleben,patricklindner@example.com
46,melissa_nasar,dreamer22,melissa@example.com
47,christoff_de_bolle,christoff2023,christoff@example.com
48,annett_louisan,schokolade,annett@example.com
49,mickie_krause,mickieparty,mickie@example.com
50,beatrice_egli2,herzlichbeatrice,beatrice2@example.com
45,sandy_mölling,sandy987,sandy@example.com
